trial_id,K_true,noise_sd,method,K_selected,ARI,cent_rmse,cov_err,elapsed_sec
1,3,0.01,kmeans_sil,4,0.995166389915644,NaN,NaN,27.571766
1,3,0.01,vb_elbo,3,0.9183604166408,0.0255317290100294,0.831500679634157,180.140812
1,3,0.01,vb_icl,3,0.9183604166408,0.0255317290100294,0.831500679634157,0
1,3,0.01,vb_pred,7,0.998366294202494,3.93197308004869,49.7296720446572,125.382871
2,3,0.01,kmeans_sil,9,0.993210058869439,NaN,NaN,18.717131
2,3,0.01,vb_elbo,3,0.935973285120938,0.0312233406933814,0.786983945380677,208.695847
2,3,0.01,vb_icl,3,0.935973285120938,0.0312233406933814,0.786983945380677,0
2,3,0.01,vb_pred,11,0.993709396404802,3.90934340117257,43.5996061608375,163.247064
3,3,0.01,kmeans_sil,5,0.99514369337909,NaN,NaN,29.782438
3,3,0.01,vb_elbo,3,0.935736083040367,0.0231525555118281,0.656936332710135,213.928009
3,3,0.01,vb_icl,3,0.935736083040367,0.0231525555118281,0.656936332710135,0
3,3,0.01,vb_pred,5,0.994411369026393,4.82522504662062,38.8045658923051,107.298321
4,3,0.01,kmeans_sil,4,0.99789295060575,NaN,NaN,27.137447
4,3,0.01,vb_elbo,3,0.923912808799902,0.0229218491166133,0.809408403853941,222.15472
4,3,0.01,vb_icl,3,0.923912808799902,0.0229218491166133,0.809408403853941,0
4,3,0.01,vb_pred,6,0.998624605969287,3.06187344963364,0.809408403853941,275.277108
5,3,0.01,kmeans_sil,8,0.992955513087634,NaN,NaN,26.964287
5,3,0.01,vb_elbo,3,0.913218378426311,0.0252399094721258,0.608406125129408,155.117573
5,3,0.01,vb_icl,3,0.913218378426311,0.0252399094721258,0.608406125129408,0
5,3,0.01,vb_pred,8,0.998649532503983,2.6837127568348,34.0999455695728,160.580568
6,4,0.01,kmeans_sil,5,0.993751250973477,NaN,NaN,21.037153
6,4,0.01,vb_elbo,4,0.913157583222126,0.0326440264768389,1.4979698605383,103.771465
6,4,0.01,vb_icl,4,0.913157583222126,0.0326440264768389,1.4979698605383,0
6,4,0.01,vb_pred,11,0.992387663922304,3.85548298027363,61.0094887095886,83.492616
7,4,0.01,kmeans_sil,10,0.99160896421719,NaN,NaN,42.827876
7,4,0.01,vb_elbo,4,0.919925092473117,0.0273630544452893,0.849630147972517,184.284005
7,4,0.01,vb_icl,4,0.919925092473117,0.0273630544452893,0.849630147972517,0
7,4,0.01,vb_pred,10,0.998536622371609,2.50069532238057,39.0907288371391,214.037992
8,4,0.01,kmeans_sil,10,0.992401790019425,NaN,NaN,41.372472
8,4,0.01,vb_elbo,4,0.947008900335637,0.0272231612013203,0.790449575783807,136.312515
8,4,0.01,vb_icl,4,0.947008900335637,0.0272231612013203,0.790449575783807,0
8,4,0.01,vb_pred,12,0.996108119918637,2.98919758514416,0.790449575783806,138.247958
9,4,0.01,kmeans_sil,8,0.993403149186524,NaN,NaN,42.948366
9,4,0.01,vb_elbo,4,0.932676632124874,0.0310387086851688,1.09103155660422,152.05351
9,4,0.01,vb_icl,4,0.973878051314034,0.0310387086851688,1.09103155660422,0
9,4,0.01,vb_pred,12,0.965788263719208,1.78802057758041,33.1963566240562,164.48854
10,4,0.01,kmeans_sil,6,0.993155594995471,NaN,NaN,35.534286
10,4,0.01,vb_elbo,4,0.9191341737764,0.0240842789246284,0.838485244281914,103.688252
10,4,0.01,vb_icl,4,0.9191341737764,0.0240842789246284,0.838485244281914,0
10,4,0.01,vb_pred,9,1,1.84459681731755,0.838485244281913,112.778691
11,5,0.01,kmeans_sil,10,0.991442588526256,NaN,NaN,34.561368
11,5,0.01,vb_elbo,5,0.934350469084963,0.0287170834059973,1.11590950551461,73.270249
11,5,0.01,vb_icl,5,0.934350469084963,0.0287170834059973,1.11590950551461,0
11,5,0.01,vb_pred,11,0.997417805439714,2.29198828825633,1.11590950551461,116.314184
12,5,0.01,kmeans_sil,9,0.993556321612178,NaN,NaN,65.08474
12,5,0.01,vb_elbo,5,0.936350660890571,0.0400842975987062,1.78016957447194,240.125966
12,5,0.01,vb_icl,5,0.936350660890571,0.0400842975987062,1.78016957447194,0
12,5,0.01,vb_pred,11,1,1.61781390943632,1.78016957447194,450.631355
13,5,0.01,kmeans_sil,8,0.990765142570428,NaN,NaN,19.529021
13,5,0.01,vb_elbo,5,0.950433375247432,0.0360986348485552,1.26691828322905,59.450989
13,5,0.01,vb_icl,5,0.950433375247432,0.0360986348485552,1.26691828322905,0
13,5,0.01,vb_pred,12,0.959185486947328,1.87165382730512,1.26691828322905,67.826372
14,5,0.01,kmeans_sil,9,0.990448131500598,NaN,NaN,32.128667
14,5,0.01,vb_elbo,5,0.926788477550408,0.0338551440539225,1.28916531934201,109.679043
14,5,0.01,vb_icl,5,0.926788477550408,0.0338551440539225,1.28916531934201,0
14,5,0.01,vb_pred,10,0.9982470939132,3.12383154389654,20.75877725645,137.349634
15,5,0.01,kmeans_sil,9,0.993415838708367,NaN,NaN,64.927006
15,5,0.01,vb_elbo,5,0.942150930012794,0.0212376349755874,0.880714720604524,172.865349
15,5,0.01,vb_icl,5,0.942150930012794,0.0212376349755874,0.880714720604524,0
15,5,0.01,vb_pred,9,0.952230664014255,2.95956534972158,2.82827468629458,162.905086
16,6,0.01,kmeans_sil,9,0.990661460990367,NaN,NaN,32.178549
16,6,0.01,vb_elbo,6,0.953629217136356,0.0378003479580663,2.0291117278597,98.178083
16,6,0.01,vb_icl,6,0.953629217136356,0.0378003479580663,2.0291117278597,0
16,6,0.01,vb_pred,8,0.950108859647554,0.0777202525862313,3.76504489013114,55.797621
17,6,0.01,kmeans_sil,10,0.991055815348778,NaN,NaN,84.157881
17,6,0.01,vb_elbo,6,0.934257706739508,0.0261155478130173,0.995695236532229,234.691172
17,6,0.01,vb_icl,6,0.965894096003859,0.0261155478130173,0.995695236532229,0
17,6,0.01,vb_pred,12,0.99597365351451,1.83698444908214,0.995695236532229,330.313364
18,6,0.01,kmeans_sil,10,0.991030324793886,NaN,NaN,65.281408
18,6,0.01,vb_elbo,6,0.926613199671949,0.0351485070305126,1.00659861767435,154.142788
18,6,0.01,vb_icl,6,0.926613199671949,0.0351485070305126,1.00659861767435,0
18,6,0.01,vb_pred,11,1,1.48524045825229,1.00659861767435,176.334861
19,6,0.01,kmeans_sil,9,0.991014160190346,NaN,NaN,58.399654
19,6,0.01,vb_elbo,6,0.930080592124429,0.0312643003980876,1.02606637731621,124.120068
19,6,0.01,vb_icl,6,0.930080592124429,0.0312643003980876,1.02606637731621,0
19,6,0.01,vb_pred,12,0.998083997710317,3.35682527646782,17.5385475192487,150.07719
20,6,0.01,kmeans_sil,10,0.989950315546009,NaN,NaN,45.429334
20,6,0.01,vb_elbo,6,0.950303076970293,0.0319928336024631,1.29941092295112,113.191111
20,6,0.01,vb_icl,6,0.950303076970293,0.0319928336024631,1.29941092295112,0
20,6,0.01,vb_pred,9,0.962248149644439,0.0319928336024631,1.29941092295112,120.47913
21,7,0.01,kmeans_sil,10,0.98877838367768,NaN,NaN,107.201283
21,7,0.01,vb_elbo,7,0.93669459723577,0.0249711405749936,0.755606392428109,201.150748
21,7,0.01,vb_icl,7,0.93669459723577,0.0249711405749936,0.755606392428109,0
21,7,0.01,vb_pred,11,0.93669459723577,0.0249711405749936,0.755606392428109,121.452805
22,7,0.01,kmeans_sil,10,0.988634427404164,NaN,NaN,81.523537
22,7,0.01,vb_elbo,7,0.944385027617675,0.0377938242546568,1.14500236886302,102.494131
22,7,0.01,vb_icl,7,0.944385027617675,0.0377938242546568,1.14500236886302,0
22,7,0.01,vb_pred,11,1,1.74977861978209,14.3682245784226,210.885589
23,7,0.01,kmeans_sil,10,0.990225293463324,NaN,NaN,85.97094
23,7,0.01,vb_elbo,7,0.96243874563788,0.0299802462696173,1.20946534467305,107.543257
23,7,0.01,vb_icl,7,0.96243874563788,0.0299802462696173,1.20946534467305,0
23,7,0.01,vb_pred,11,1,1.99019305249866,1.20946534467306,305.3649
24,7,0.01,kmeans_sil,10,0.986762121702257,NaN,NaN,62.600421
24,7,0.01,vb_elbo,7,0.943135916080213,0.0257141617479325,1.16838536566664,70.411274
24,7,0.01,vb_icl,7,0.943135916080213,0.0257141617479325,1.16838536566664,0
24,7,0.01,vb_pred,9,0.940377233906693,0.0257141617479325,1.16838536566664,136.105418
25,7,0.01,kmeans_sil,10,0.987542661410282,NaN,NaN,93.42549
25,7,0.01,vb_elbo,7,0.936131955717223,0.0262435754134909,0.791700632125735,105.751036
25,7,0.01,vb_icl,7,0.936131955717223,0.0262435754134909,0.791700632125735,0
25,7,0.01,vb_pred,12,1,1.3874232439593,14.5068046510754,111.630393
26,8,0.01,kmeans_sil,10,0.990055553524317,NaN,NaN,88.071829
26,8,0.01,vb_elbo,6,0.806036504928266,1.07848717219704,40.1207474827388,88.81883
26,8,0.01,vb_icl,6,0.806036504928266,1.07848717219704,40.1207474827388,0
26,8,0.01,vb_pred,12,1,1.2493696538484,13.1158023387563,192.197619
27,8,0.01,kmeans_sil,10,0.990338224203388,NaN,NaN,128.714925
27,8,0.01,vb_elbo,8,0.939665581970624,0.02932441442913,1.00905035392185,122.064859
27,8,0.01,vb_icl,8,0.935344020519739,0.02932441442913,1.00905035392185,0
27,8,0.01,vb_pred,10,0.948404761007757,0.02932441442913,1.00905035392185,111.18963
28,8,0.01,kmeans_sil,10,0.989382208059231,NaN,NaN,104.371073
28,8,0.01,vb_elbo,7,0.889215259769259,0.529348543661369,15.7629182414765,132.823693
28,8,0.01,vb_icl,7,0.889215259769259,0.529348543661369,15.7629182414765,0
28,8,0.01,vb_pred,10,1,1.83832367386574,13.0457909309336,96.729932
29,8,0.01,kmeans_sil,10,0.989691769831412,NaN,NaN,116.308722
29,8,0.01,vb_elbo,7,0.91269503811422,0.707983789364939,18.6974547659556,134.888029
29,8,0.01,vb_icl,7,0.91269503811422,0.707983789364939,18.6974547659556,0
29,8,0.01,vb_pred,12,1,1.28233769904258,0.878745635019063,156.53744
30,8,0.01,kmeans_sil,10,0.991170967584092,NaN,NaN,71.992044
30,8,0.01,vb_elbo,8,0.964798919889864,0.0341629508451866,1.48068273487908,123.570551
30,8,0.01,vb_icl,8,0.951569354103177,0.0341629508451866,1.48068273487908,0
30,8,0.01,vb_pred,10,0.940090921454175,0.0341629508451866,1.48068273487908,96.767281
31,9,0.01,kmeans_sil,10,0.991667245821555,NaN,NaN,118.667436
31,9,0.01,vb_elbo,9,0.93798511965535,0.0320019756595887,1.02265104510063,194.801463
31,9,0.01,vb_icl,9,0.93798511965535,0.0320019756595887,1.02265104510063,0
31,9,0.01,vb_pred,12,0.993824597261164,1.89343934568591,11.9799838107003,88.906007
32,9,0.01,kmeans_sil,10,0.990362669908884,NaN,NaN,109.652636
32,9,0.01,vb_elbo,7,0.887959486042007,0.695962057811155,21.6701199205994,152.168939
32,9,0.01,vb_icl,7,0.887959486042007,0.695962057811155,21.6701199205994,0
32,9,0.01,vb_pred,11,0.994461185361321,3.00426006750643,12.413571911856,158.702711
33,9,0.01,kmeans_sil,10,0.98928263386963,NaN,NaN,101.147878
33,9,0.01,vb_elbo,8,0.936581594773349,0.11146657400568,5.6354587439426,115.218113
33,9,0.01,vb_icl,8,0.936581594773349,0.11146657400568,5.6354587439426,0
33,9,0.01,vb_pred,12,0.999726982914631,3.58546013178397,12.1640255195089,64.377265
34,9,0.01,kmeans_sil,10,0.992381545743989,NaN,NaN,85.435717
34,9,0.01,vb_elbo,9,0.947635349386881,0.0379364715258911,1.66371888741277,97.91518
34,9,0.01,vb_icl,9,0.947635349386881,0.0379364715258911,1.66371888741277,0
34,9,0.01,vb_pred,12,1,1.61333997845937,12.2565822644315,70.415804
35,9,0.01,kmeans_sil,10,0.988959719522997,NaN,NaN,80.429763
35,9,0.01,vb_elbo,9,0.956821212664191,0.0384376704403288,1.31328808174089,130.886011
35,9,0.01,vb_icl,9,0.956821212664191,0.0384376704403288,1.31328808174089,0
35,9,0.01,vb_pred,12,1,2.15175989617058,12.2357015981134,82.465651
36,10,0.01,kmeans_sil,10,0.989005118809112,2.73492087758344,11.3315192990187,131.981816
36,10,0.01,vb_elbo,7,0.837946136868985,0.905655917217508,37.0032889331622,213.39223
36,10,0.01,vb_icl,7,0.837946136868985,0.905655917217508,37.0032889331622,0
36,10,0.01,vb_pred,10,1,2.98648752709475,10.7636188643937,119.761959
37,10,0.01,kmeans_sil,10,0.954647703248639,0.436018374545843,15.7837660949352,138.812038
37,10,0.01,vb_elbo,9,0.904577198154251,0.409189375652687,11.6188838241708,104.305481
37,10,0.01,vb_icl,9,0.904577198154251,0.409189375652687,11.6188838241708,0
37,10,0.01,vb_pred,11,1,1.31202548361204,1.21673626701027,77.278449
38,10,0.01,kmeans_sil,10,0.940898040616454,0.183761263579316,10.3652416786165,145.994912
38,10,0.01,vb_elbo,10,0.935638432738961,0.0306581283580245,1.06044483774767,107.872903
38,10,0.01,vb_icl,10,0.935638432738961,0.0306581283580245,1.06044483774767,0
38,10,0.01,vb_pred,11,1,2.7468860703767,10.7922610752195,165.064923
39,10,0.01,kmeans_sil,10,0.936697760939091,0.235675501964388,11.9831922370851,114.70031
39,10,0.01,vb_elbo,9,0.880880217548271,0.339742262642878,8.27458729844861,102.342251
39,10,0.01,vb_icl,9,0.880880217548271,0.339742262642878,8.27458729844861,0
39,10,0.01,vb_pred,11,0.946785705692185,1.38660030358957,17.5528767350325,72.860979
40,10,0.01,kmeans_sil,10,0.986815260149047,1.12022739472459,11.688129937707,119.436153
40,10,0.01,vb_elbo,9,0.94123648837481,0.158375691800394,5.43798822485902,125.989835
40,10,0.01,vb_icl,9,0.94123648837481,0.158375691800394,5.43798822485902,0
40,10,0.01,vb_pred,12,0.994069732779804,2.97151227884823,30.0468920459983,77.786486
41,3,0.02,kmeans_sil,4,0.99776333028826,NaN,NaN,14.878954
41,3,0.02,vb_elbo,3,0.902284891091638,0.0301257167557622,1.55608376517646,133.694738
41,3,0.02,vb_icl,3,0.902284891091638,0.0301257167557622,1.55608376517646,0
41,3,0.02,vb_pred,11,0.995640931576729,3.95975572338221,44.9926576923195,176.34867
42,3,0.02,kmeans_sil,5,0.99465745290932,NaN,NaN,17.966774
42,3,0.02,vb_elbo,3,0.90228169659328,0.0322653958529307,1.04476326082211,94.997684
42,3,0.02,vb_icl,3,0.90228169659328,0.0322653958529307,1.04476326082211,0
42,3,0.02,vb_pred,12,0.953455404013528,3.44507353684538,42.6617647681217,119.370938
43,3,0.02,kmeans_sil,6,0.994567889681841,NaN,NaN,14.290421
43,3,0.02,vb_elbo,3,0.923435070878759,0.0419243212797703,1.0782817826597,82.540012
43,3,0.02,vb_icl,3,0.912851112548602,0.0419243212797703,1.0782817826597,0
43,3,0.02,vb_pred,10,0.97270323839814,3.05847637833965,38.4940101013276,89.571219
44,3,0.02,kmeans_sil,10,0.993125900732688,NaN,NaN,14.856492
44,3,0.02,vb_elbo,3,0.923190783949822,0.0432953262338959,0.980252778048521,114.880796
44,3,0.02,vb_icl,3,0.923190783949822,0.0432953262338959,0.980252778048521,0
44,3,0.02,vb_pred,8,0.950303766470967,3.54599155471838,44.261144016666,141.798302
45,3,0.02,kmeans_sil,5,0.996318214892096,NaN,NaN,12.358339
45,3,0.02,vb_elbo,3,0.898866177914269,0.0380178800280644,1.83790702449516,107.590466
45,3,0.02,vb_icl,3,0.939084277619001,0.0380178800280644,1.83790702449516,0
45,3,0.02,vb_pred,12,0.694903672119001,3.03090082171533,2.01911901213197,156.212434
46,4,0.02,kmeans_sil,8,0.995017248236163,NaN,NaN,17.764321
46,4,0.02,vb_elbo,4,0.950041126031852,0.0429088050975719,2.49116699960938,126.077976
46,4,0.02,vb_icl,4,0.950041126031852,0.0429088050975719,2.49116699960938,0
46,4,0.02,vb_pred,9,0.990214681403828,2.99664552641475,30.7429368159836,167.469062
47,4,0.02,kmeans_sil,9,0.993585128982199,NaN,NaN,42.678387
47,4,0.02,vb_elbo,4,0.922604517647113,0.0274049095485908,0.707768914453768,119.520456
47,4,0.02,vb_icl,4,0.922604517647113,0.0274049095485908,0.707768914453768,0
47,4,0.02,vb_pred,9,0.998729971732795,2.32952639476202,42.3968435101286,137.7859
48,4,0.02,kmeans_sil,9,0.993733797314074,NaN,NaN,37.957736
48,4,0.02,vb_elbo,4,0.919076189990826,0.0255268237473719,0.940230204719121,160.270641
48,4,0.02,vb_icl,4,0.919076189990826,0.0255268237473719,0.940230204719121,0
48,4,0.02,vb_pred,6,0.977851103063636,2.31264519697494,0.940230204719121,103.754033
49,4,0.02,kmeans_sil,10,0.992544380185284,NaN,NaN,32.601672
49,4,0.02,vb_elbo,4,0.938150581976214,0.0255392440736201,0.85750492958378,136.811576
49,4,0.02,vb_icl,4,0.938150581976214,0.0255392440736201,0.85750492958378,0
49,4,0.02,vb_pred,10,0.998115784235504,2.32966016862751,36.8589689877496,105.159897
50,4,0.02,kmeans_sil,8,0.991908354187741,NaN,NaN,40.438718
50,4,0.02,vb_elbo,4,0.945056436474336,0.0240986511987246,0.823780722792379,113.129178
50,4,0.02,vb_icl,4,0.945056436474336,0.0240986511987246,0.823780722792379,0
50,4,0.02,vb_pred,10,1,1.55017973673993,0.823780722792379,191.904675
51,5,0.02,kmeans_sil,10,0.990430627633235,NaN,NaN,63.803986
51,5,0.02,vb_elbo,5,0.935684273620957,0.0270046813395357,0.681084275572833,95.661399
51,5,0.02,vb_icl,5,0.935684273620957,0.0270046813395357,0.681084275572832,0
51,5,0.02,vb_pred,11,0.998403682934187,2.08049391570276,0.681084275572833,219.806999
52,5,0.02,kmeans_sil,10,0.991848945893101,NaN,NaN,29.853586
52,5,0.02,vb_elbo,5,0.952208774395872,0.0405045746402127,1.26881740317908,121.058217
52,5,0.02,vb_icl,5,0.963312877530931,0.0405045746402127,1.26881740317908,0
52,5,0.02,vb_pred,12,0.836089797781806,2.97480145067774,1.67107596613397,88.888534
53,5,0.02,kmeans_sil,10,0.990978207839178,NaN,NaN,39.301291
53,5,0.02,vb_elbo,5,0.936981906856303,0.028908037130072,1.05533906631155,145.359037
53,5,0.02,vb_icl,5,0.948157172386728,0.028908037130072,1.05533906631155,0
53,5,0.02,vb_pred,8,1,1.8891363744184,20.3790579130229,160.27368
54,5,0.02,kmeans_sil,9,0.991793681317537,NaN,NaN,32.669218
54,5,0.02,vb_elbo,6,0.964797589358858,3.27526721677984,24.0767457435922,162.39392
54,5,0.02,vb_icl,6,0.964797589358858,3.27526721677984,24.0767457435922,0
54,5,0.02,vb_pred,12,1,1.85762101659101,20.8886464474704,93.126743
55,5,0.02,kmeans_sil,8,0.992846165128074,NaN,NaN,45.875961
55,5,0.02,vb_elbo,5,0.941909738395443,0.0271480622385082,0.999703961799497,118.636322
55,5,0.02,vb_icl,5,0.941909738395443,0.0271480622385082,0.999703961799497,0
55,5,0.02,vb_pred,8,1,1.81858713255382,20.5323199638686,99.136393
56,6,0.02,kmeans_sil,10,0.991058729384346,NaN,NaN,50.804528
56,6,0.02,vb_elbo,6,0.963630884961219,0.0326919345123418,1.20901533447379,152.872867
56,6,0.02,vb_icl,6,0.963630884961219,0.0326919345123418,1.20901533447379,0
56,6,0.02,vb_pred,12,1,3.238659017329,17.7042152471035,212.455036
57,6,0.02,kmeans_sil,10,0.991421061818051,NaN,NaN,67.328893
57,6,0.02,vb_elbo,6,0.920158075308522,0.0281200877714807,1.03260465571597,94.477726
57,6,0.02,vb_icl,6,0.920158075308522,0.0281200877714807,1.03260465571597,0
57,6,0.02,vb_pred,8,1,1.65862256466309,1.03260465571597,220.940727
58,6,0.02,kmeans_sil,10,0.992363302721848,NaN,NaN,42.109147
58,6,0.02,vb_elbo,5,0.882577499485779,0.622146671654973,27.4904953223821,114.878046
58,6,0.02,vb_icl,4,0.840418551987605,0.767291519918436,44.0596864055375,0
58,6,0.02,vb_pred,12,0.999851294175033,1.58787851797959,3.28480629899949,158.899042
59,6,0.02,kmeans_sil,10,0.990257596278565,NaN,NaN,79.145349
59,6,0.02,vb_elbo,6,0.930548074702286,0.0286456019066211,0.949796088481734,107.499609
59,6,0.02,vb_icl,6,0.930548074702286,0.0286456019066211,0.949796088481734,0
59,6,0.02,vb_pred,10,1,1.72496987827383,17.0793467379148,222.78473
60,6,0.02,kmeans_sil,10,0.990256132036821,NaN,NaN,80.923255
60,6,0.02,vb_elbo,6,0.963479831653533,0.0264639568392308,0.849626744435069,171.597579
60,6,0.02,vb_icl,6,0.963479831653533,0.0264639568392308,0.849626744435069,0
60,6,0.02,vb_pred,10,1,1.40738914767449,16.8249997830438,151.520385
61,7,0.02,kmeans_sil,10,0.990307427590499,NaN,NaN,77.49248
61,7,0.02,vb_elbo,7,0.936278191289385,0.028056085469473,1.19285112658765,90.609924
61,7,0.02,vb_icl,7,0.936278191289385,0.028056085469473,1.19285112658765,0
61,7,0.02,vb_pred,12,1,1.41377110212621,15.1830853849029,257.185637
62,7,0.02,kmeans_sil,10,0.990093856744165,NaN,NaN,60.073466
62,7,0.02,vb_elbo,7,0.9580475301117,0.0364906061254917,1.39021419892858,95.478648
62,7,0.02,vb_icl,7,0.9580475301117,0.0364906061254917,1.39021419892858,0
62,7,0.02,vb_pred,12,1,1.71124384926608,15.2397162009276,324.670018
63,7,0.02,kmeans_sil,10,0.988115587324375,NaN,NaN,79.851102
63,7,0.02,vb_elbo,7,0.930481225867123,0.0266045199645892,0.876119319508684,124.868218
63,7,0.02,vb_icl,7,0.930481225867123,0.0266045199645892,0.876119319508684,0
63,7,0.02,vb_pred,12,0.994866183520125,1.63645458206854,0.876119319508683,98.575157
64,7,0.02,kmeans_sil,10,0.988341369903759,NaN,NaN,67.796535
64,7,0.02,vb_elbo,7,0.957439920015478,0.0313163561470683,1.18067900095333,101.983839
64,7,0.02,vb_icl,7,0.957439920015478,0.0313163561470683,1.18067900095333,0
64,7,0.02,vb_pred,12,1,1.37201104519653,1.18067900095333,245.334477
65,7,0.02,kmeans_sil,10,0.989437068406706,NaN,NaN,80.095152
65,7,0.02,vb_elbo,7,0.957050663162599,0.0324082858224655,1.06046829244019,159.313005
65,7,0.02,vb_icl,7,0.942479676186126,0.0324082858224655,1.06046829244019,0
65,7,0.02,vb_pred,12,0.945636396065929,0.0324082858224655,1.06046829244019,113.020189
66,8,0.02,kmeans_sil,10,0.987658610545889,NaN,NaN,89.536645
66,8,0.02,vb_elbo,8,0.942953911813879,0.0298577451813555,1.10456593860723,131.780191
66,8,0.02,vb_icl,8,0.942953911813879,0.0298577451813555,1.10456593860723,0
66,8,0.02,vb_pred,12,0.996789352992569,2.00047323252847,30.2095182803724,167.432612
67,8,0.02,kmeans_sil,10,0.987993608908635,NaN,NaN,79.97928
67,8,0.02,vb_elbo,8,0.933862138990924,0.0312384757750116,1.12705311155128,91.053445
67,8,0.02,vb_icl,8,0.933862138990924,0.0312384757750116,1.12705311155128,0
67,8,0.02,vb_pred,12,1,1.26638927111453,1.12705311155128,123.780449
68,8,0.02,kmeans_sil,10,0.987344929685614,NaN,NaN,60.112281
68,8,0.02,vb_elbo,8,0.990883491421803,0.459412090423969,10.5110446885798,110.990016
68,8,0.02,vb_icl,7,0.924606916603607,0.0696781753316854,3.54755978625866,0
68,8,0.02,vb_pred,12,0.976077207293177,0.426602395394246,10.0647672772178,109.432806
69,8,0.02,kmeans_sil,10,0.989983198433884,NaN,NaN,99.016212
69,8,0.02,vb_elbo,8,0.934632338942726,0.0312575300542729,1.05896236745507,84.210701
69,8,0.02,vb_icl,8,0.934632338942726,0.0312575300542729,1.05896236745507,0
69,8,0.02,vb_pred,11,1,1.46620851133631,1.05896236745507,99.056012
70,8,0.02,kmeans_sil,10,0.98753498002928,NaN,NaN,133.011919
70,8,0.02,vb_elbo,7,0.876694789595483,0.338555383532839,10.7902698332421,152.371655
70,8,0.02,vb_icl,7,0.876694789595483,0.338555383532839,10.7902698332421,0
70,8,0.02,vb_pred,11,1,1.25098420053046,0.913880450067418,113.656743
71,9,0.02,kmeans_sil,10,0.988978120890685,NaN,NaN,98.051138
71,9,0.02,vb_elbo,8,0.926541808976186,0.180181877403673,5.83656649843302,129.61594
71,9,0.02,vb_icl,8,0.926541808976186,0.180181877403673,5.83656649843302,0
71,9,0.02,vb_pred,12,1,2.82860824009782,11.8453337131666,168.238568
72,9,0.02,kmeans_sil,10,0.990526438872512,NaN,NaN,71.49157
72,9,0.02,vb_elbo,9,0.932524686966392,0.035233534490325,1.2985393365267,161.585042
72,9,0.02,vb_icl,9,0.932524686966392,0.035233534490325,1.2985393365267,0
72,9,0.02,vb_pred,11,0.843612801091675,0.779329246427517,14.1694709082161,149.860459
73,9,0.02,kmeans_sil,10,0.990109044362419,NaN,NaN,69.383177
73,9,0.02,vb_elbo,9,0.948351608280789,0.0495078300829815,1.76525704949225,95.142201
73,9,0.02,vb_icl,9,0.948351608280789,0.0495078300829815,1.76525704949225,0
73,9,0.02,vb_pred,10,0.987611904831663,2.48440901561567,29.8635438788621,92.635265
74,9,0.02,kmeans_sil,10,0.991749922055671,NaN,NaN,152.031458
74,9,0.02,vb_elbo,9,0.957672205553018,0.0252559726083924,0.937789649873081,168.682225
74,9,0.02,vb_icl,9,0.957672205553018,0.0252559726083924,0.937789649873081,0
74,9,0.02,vb_pred,10,0.951716301348922,0.0252559726083924,0.937789649873081,201.453084
75,9,0.02,kmeans_sil,10,0.988328643748953,NaN,NaN,111.661905
75,9,0.02,vb_elbo,7,0.922331266505819,0.997360703436891,20.5737551341851,101.805394
75,9,0.02,vb_icl,7,0.922331266505819,0.997360703436891,20.5737551341851,0
75,9,0.02,vb_pred,11,1,1.38590219769512,11.5782215012195,114.987143
76,10,0.02,kmeans_sil,10,0.988871132890706,1.24888199592585,11.2562304897346,118.830354
76,10,0.02,vb_elbo,10,0.971043879087852,0.247426967671096,6.23502398787169,105.60491
76,10,0.02,vb_icl,9,0.934580310132629,0.0820952700885089,3.62492732234186,0
76,10,0.02,vb_pred,11,0.994917360979357,1.38931347865531,12.6698082400971,192.150733
77,10,0.02,kmeans_sil,10,0.938850734234036,0.204853250003049,12.1424226667469,178.503171
77,10,0.02,vb_elbo,10,0.936295919911471,0.028982228814994,0.896616227786916,124.063114
77,10,0.02,vb_icl,10,0.936295919911471,0.028982228814994,0.896616227786916,0
77,10,0.02,vb_pred,12,1,1.39554911034754,10.3437867494893,140.33746
78,10,0.02,kmeans_sil,10,0.959713387807291,0.480755733562541,13.552824054048,171.906229
78,10,0.02,vb_elbo,7,0.803577441269283,0.868246811251634,36.709865005577,168.614591
78,10,0.02,vb_icl,7,0.803577441269283,0.868246811251634,36.709865005577,0
78,10,0.02,vb_pred,12,1,1.62947191063864,10.8093712821684,160.689114
79,10,0.02,kmeans_sil,10,0.97558970701952,1.0180926633352,15.2277580681335,108.555216
79,10,0.02,vb_elbo,9,0.941291671517473,0.368243984260325,12.6072632124424,99.176359
79,10,0.02,vb_icl,9,0.941291671517473,0.368243984260325,12.6072632124424,0
79,10,0.02,vb_pred,11,0.990464239016287,2.50486235476253,21.104941160136,108.771517
80,10,0.02,kmeans_sil,10,0.891583155902951,1.48807889342633,20.9009349176823,171.16355
80,10,0.02,vb_elbo,10,0.947070341491781,0.0253630258423324,0.839788007489579,128.66593
80,10,0.02,vb_icl,10,0.947070341491781,0.0253630258423324,0.839788007489579,0
80,10,0.02,vb_pred,12,1,2.13211569810518,10.3981377328728,133.316802
81,3,0.05,kmeans_sil,6,0.995416419311354,NaN,NaN,29.062815
81,3,0.05,vb_elbo,3,0.935102690117093,0.0280447859323338,0.883853415656848,134.913774
81,3,0.05,vb_icl,3,0.935102690117093,0.0280447859323338,0.883853415656848,0
81,3,0.05,vb_pred,8,0.99887174185366,2.90783107059486,0.883853415656848,173.946708
82,3,0.05,kmeans_sil,10,0.988062765370158,NaN,NaN,29.470506
82,3,0.05,vb_elbo,3,0.914952657339531,0.0253559935234886,0.701187925013263,89.277485
82,3,0.05,vb_icl,3,0.914952657339531,0.0253559935234886,0.701187925013263,0
82,3,0.05,vb_pred,10,0.964183902090722,2.52080292415956,0.701187925013263,86.552025
83,3,0.05,kmeans_sil,6,0.994603007871683,NaN,NaN,17.433299
83,3,0.05,vb_elbo,3,0.953591380993514,0.031795970594477,1.49879959185896,88.646213
83,3,0.05,vb_icl,3,0.944789024084892,0.0317959705944771,1.49879959185896,0
83,3,0.05,vb_pred,10,0.949029790631366,2.65662059438656,1.49879959185896,127.574887
84,3,0.05,kmeans_sil,7,0.995065529525773,NaN,NaN,11.413879
84,3,0.05,vb_elbo,3,0.947543626848149,0.0351928214717511,0.903520062224368,70.695385
84,3,0.05,vb_icl,3,0.947543626848149,0.0351928214717511,0.903520062224368,0
84,3,0.05,vb_pred,8,0.977405630853457,2.97335135497558,0.903520062224368,67.800822
85,3,0.05,kmeans_sil,4,0.998136332194544,NaN,NaN,8.621868
85,3,0.05,vb_elbo,3,0.937798815208228,0.0338368268884379,1.58310422918585,78.327357
85,3,0.05,vb_icl,3,0.937798815208228,0.0338368268884379,1.58310422918585,0
85,3,0.05,vb_pred,6,0.955191273000834,3.34078638380008,1.58310422918585,78.533573
86,4,0.05,kmeans_sil,10,0.993566216392766,NaN,NaN,38.781847
86,4,0.05,vb_elbo,4,0.926826229464783,0.0274429356507347,1.03322084316358,118.709041
86,4,0.05,vb_icl,4,0.965919618599415,0.0274429356507347,1.03322084316358,0
86,4,0.05,vb_pred,8,1,2.39206794004465,1.03322084316358,128.473352
87,4,0.05,kmeans_sil,9,0.992955409242542,NaN,NaN,42.979913
87,4,0.05,vb_elbo,4,0.935628474055608,0.0355167414041214,1.28200076014857,187.255846
87,4,0.05,vb_icl,4,0.935628474055608,0.0355167414041214,1.28200076014857,0
87,4,0.05,vb_pred,11,1,1.77086762747584,1.28200076014857,213.73975
88,4,0.05,kmeans_sil,10,0.99265313133983,NaN,NaN,24.737519
88,4,0.05,vb_elbo,4,0.940348177173105,0.0307913022144052,1.29414771538639,91.005791
88,4,0.05,vb_icl,4,0.940348177173105,0.0307913022144052,1.29414771538639,0
88,4,0.05,vb_pred,5,1,2.02027589457163,1.29414771538639,75.91459
89,4,0.05,kmeans_sil,5,0.99847500026303,NaN,NaN,21.127292
89,4,0.05,vb_elbo,4,0.937009323592177,0.0278769936244311,1.28214668433686,122.771295
89,4,0.05,vb_icl,4,0.937009323592177,0.0278769936244311,1.28214668433686,0
89,4,0.05,vb_pred,11,0.996723247861189,3.13765149778058,55.355154605631,86.805984
90,4,0.05,kmeans_sil,6,0.99205500999515,NaN,NaN,34.088136
90,4,0.05,vb_elbo,4,0.933486373857383,0.0342565156277227,1.63480780765208,161.57368
90,4,0.05,vb_icl,4,0.933486373857383,0.0342565156277227,1.63480780765208,0
90,4,0.05,vb_pred,7,0.989602996278448,4.65943576207816,31.1847109875558,125.76664
91,5,0.05,kmeans_sil,10,0.992761695827107,NaN,NaN,32.836815
91,5,0.05,vb_elbo,5,0.937411012886029,0.033006553556389,1.29827066790175,103.847855
91,5,0.05,vb_icl,5,0.937411012886029,0.033006553556389,1.29827066790175,0
91,5,0.05,vb_pred,12,1,2.03651535889212,20.6654160976509,101.911798
92,5,0.05,kmeans_sil,10,0.990821669805723,NaN,NaN,36.025916
92,5,0.05,vb_elbo,5,0.928868580523541,0.0290089942298328,1.0320766228716,102.885712
92,5,0.05,vb_icl,5,0.928868580523541,0.0290089942298328,1.0320766228716,0
92,5,0.05,vb_pred,10,0.996492486925665,3.84646489112379,55.1459763861791,115.736166
93,5,0.05,kmeans_sil,10,0.991126718388104,NaN,NaN,33.119514
93,5,0.05,vb_elbo,5,0.950857376576327,0.0306091852234438,1.21469402698307,83.203055
93,5,0.05,vb_icl,5,0.950857376576327,0.0306091852234438,1.21469402698307,0
93,5,0.05,vb_pred,9,0.99820214327302,2.34874069880894,49.6352791062028,90.418391
94,5,0.05,kmeans_sil,10,0.990954851494875,NaN,NaN,52.984689
94,5,0.05,vb_elbo,5,0.953177969575692,0.0295527764938894,0.928060122707746,163.02736
94,5,0.05,vb_icl,5,0.953177969575692,0.0295527764938894,0.928060122707746,0
94,5,0.05,vb_pred,11,1,2.02683914701252,0.928060122707747,142.700429
95,5,0.05,kmeans_sil,10,0.991496727321371,NaN,NaN,39.833297
95,5,0.05,vb_elbo,5,0.938958775186681,0.0313288733472445,1.36981272353766,126.293641
95,5,0.05,vb_icl,5,0.96478156938933,0.0313288733472445,1.36981272353766,0
95,5,0.05,vb_pred,11,0.998609753874997,3.4464465388074,29.3948720810772,115.475636
96,6,0.05,kmeans_sil,10,0.991055924925889,NaN,NaN,41.470124
96,6,0.05,vb_elbo,6,0.950931378331863,0.0366837667170406,1.31357879561339,129.915867
96,6,0.05,vb_icl,6,0.950931378331863,0.0366837667170406,1.31357879561339,0
96,6,0.05,vb_pred,9,0.930708852873096,0.0366837667170406,1.31357879561339,110.212688
97,6,0.05,kmeans_sil,10,0.991845078627253,NaN,NaN,48.955509
97,6,0.05,vb_elbo,5,0.905157128033305,0.203441939144979,9.23711966539796,128.829969
97,6,0.05,vb_icl,5,0.905157128033305,0.203441939144979,9.23711966539796,0
97,6,0.05,vb_pred,12,1,1.51934865254411,17.7535480407024,192.869012
98,6,0.05,kmeans_sil,10,0.987077163062719,NaN,NaN,43.099587
98,6,0.05,vb_elbo,6,0.911456314320289,0.0343840573207231,1.14471108290539,71.263505
98,6,0.05,vb_icl,6,0.911456314320289,0.034384057320723,1.14471108290539,0
98,6,0.05,vb_pred,10,1,1.66888925273616,17.6744845514226,159.825266
99,6,0.05,kmeans_sil,8,0.987980729340117,NaN,NaN,99.573361
99,6,0.05,vb_elbo,6,0.951875205960753,0.0276389931976322,0.672911727554616,146.485742
99,6,0.05,vb_icl,6,0.951875205960753,0.0276389931976322,0.672911727554616,0
99,6,0.05,vb_pred,12,1,1.53854855303299,16.9105290582272,135.7618
100,6,0.05,kmeans_sil,10,0.98995878508351,NaN,NaN,81.615765
100,6,0.05,vb_elbo,6,0.940986558110635,0.0232392297449652,0.737560271256291,153.692586
100,6,0.05,vb_icl,6,0.940986558110635,0.0232392297449652,0.737560271256291,0
100,6,0.05,vb_pred,11,0.995394254473588,2.18957301147505,17.3773948119357,165.56959
101,7,0.05,kmeans_sil,10,0.988539129266271,NaN,NaN,69.035826
101,7,0.05,vb_elbo,7,0.948262264717224,0.0287176410037532,1.16548728623135,101.45623
101,7,0.05,vb_icl,7,0.948262264717224,0.0287176410037532,1.16548728623135,0
101,7,0.05,vb_pred,12,1,1.49546608328472,18.5373147230554,113.358003
102,7,0.05,kmeans_sil,10,0.990128220900379,NaN,NaN,87.210074
102,7,0.05,vb_elbo,7,0.947386869449603,0.030667774819179,0.909513029609146,180.736496
102,7,0.05,vb_icl,7,0.947386869449603,0.030667774819179,0.909513029609146,0
102,7,0.05,vb_pred,12,0.936591721125042,0.030667774819179,0.909513029609145,209.606446
103,7,0.05,kmeans_sil,10,0.987441808301039,NaN,NaN,90.416635
103,7,0.05,vb_elbo,7,0.93470299255203,0.0332305990298258,1.05430800150527,119.274749
103,7,0.05,vb_icl,7,0.93470299255203,0.0332305990298258,1.05430800150527,0
103,7,0.05,vb_pred,12,1,1.35862551412789,1.05430800150527,198.406649
104,7,0.05,kmeans_sil,10,0.992522906220588,NaN,NaN,55.356555
104,7,0.05,vb_elbo,7,0.93483268674087,0.0372336758923724,1.59093883543559,187.500675
104,7,0.05,vb_icl,7,0.93483268674087,0.0372336758923724,1.59093883543559,0
104,7,0.05,vb_pred,10,0.93483268674087,0.0372336758923724,1.59093883543559,189.552123
105,7,0.05,kmeans_sil,10,0.990208376500494,NaN,NaN,53.89576
105,7,0.05,vb_elbo,7,0.951720387840374,0.0409834343329585,1.6437107138454,103.126822
105,7,0.05,vb_icl,7,0.951720387840374,0.0409834343329585,1.6437107138454,0
105,7,0.05,vb_pred,10,0.998199914445683,2.49922839034321,38.6262856396405,111.175282
106,8,0.05,kmeans_sil,10,0.990838464663573,NaN,NaN,45.230232
106,8,0.05,vb_elbo,8,0.957965430733737,0.0439527600967204,1.66890425909701,81.112684
106,8,0.05,vb_icl,8,0.956765518273109,0.0439527600967204,1.66890425909701,0
106,8,0.05,vb_pred,11,1,3.33638898000205,13.9571947626784,55.832116
107,8,0.05,kmeans_sil,10,0.990003185558551,NaN,NaN,108.17193
107,8,0.05,vb_elbo,8,0.944547694191218,0.0315402364741322,1.14571199145721,138.340994
107,8,0.05,vb_icl,8,0.944547694191218,0.0315402364741322,1.14571199145721,0
107,8,0.05,vb_pred,9,0.93658103106278,0.0315402364741322,1.14571199145721,94.497301
108,8,0.05,kmeans_sil,10,0.988007242148584,NaN,NaN,72.58697
108,8,0.05,vb_elbo,8,0.949980819077193,0.0370172232746714,1.25636613380027,87.609443
108,8,0.05,vb_icl,8,0.945837086292855,0.0370172232746714,1.25636613380027,0
108,8,0.05,vb_pred,12,1,1.36425349402165,13.2690794441317,105.18229
109,8,0.05,kmeans_sil,10,0.991299174752842,NaN,NaN,94.553816
109,8,0.05,vb_elbo,8,0.939395694213592,0.0315083408497741,1.01040124532889,114.558787
109,8,0.05,vb_icl,8,0.939395694213592,0.0315083408497741,1.01040124532889,0
109,8,0.05,vb_pred,10,1,1.76269249867565,13.0837426947776,74.369032
110,8,0.05,kmeans_sil,10,0.986977971783962,NaN,NaN,90.273809
110,8,0.05,vb_elbo,8,0.942167217219246,0.0273978033009251,0.916501063123265,98.412492
110,8,0.05,vb_icl,8,0.937045353973031,0.0273978033009251,0.916501063123265,0
110,8,0.05,vb_pred,11,1,1.47254308755141,13.2212271551405,95.089282
111,9,0.05,kmeans_sil,10,0.993423652460104,NaN,NaN,135.548626
111,9,0.05,vb_elbo,9,0.94385492757912,0.031641886257157,1.10206098980258,83.138807
111,9,0.05,vb_icl,9,0.94385492757912,0.031641886257157,1.10206098980258,0
111,9,0.05,vb_pred,12,1,1.28762361354512,11.80512110238,118.566327
112,9,0.05,kmeans_sil,10,0.993548048344263,NaN,NaN,85.951142
112,9,0.05,vb_elbo,9,0.938639497312432,0.0383393600959507,1.43219416400928,126.544419
112,9,0.05,vb_icl,9,0.938639497312432,0.0383393600959507,1.43219416400928,0
112,9,0.05,vb_pred,11,1,1.16603797630499,1.43219416400928,70.174507
113,9,0.05,kmeans_sil,10,0.988377735105379,NaN,NaN,121.902854
113,9,0.05,vb_elbo,8,0.936796683649237,0.391866912924471,14.2178018260991,77.038409
113,9,0.05,vb_icl,8,0.936796683649237,0.391866912924471,14.2178018260991,0
113,9,0.05,vb_pred,10,0.92182062377498,0.23351534827221,8.90930394963708,95.2964
114,9,0.05,kmeans_sil,10,0.989395459436139,NaN,NaN,144.415532
114,9,0.05,vb_elbo,9,0.943905689971174,0.029434809504178,0.971558551165284,95.92003
114,9,0.05,vb_icl,9,0.943905689971174,0.029434809504178,0.971558551165284,0
114,9,0.05,vb_pred,12,0.997742423347451,1.79253864256727,16.533392695081,264.395778
115,9,0.05,kmeans_sil,10,0.990914474453228,NaN,NaN,114.69388
115,9,0.05,vb_elbo,8,0.922339429550985,0.764133432803991,17.633347563353,206.037365
115,9,0.05,vb_icl,8,0.922339429550985,0.764133432803991,17.633347563353,0
115,9,0.05,vb_pred,12,1,1.09922966037457,1.01549501268587,90.618984
116,10,0.05,kmeans_sil,10,0.957107595484467,0.318940188426087,15.8800366041772,111.857274
116,10,0.05,vb_elbo,9,0.933600245533811,0.803666611808283,16.0692497558193,152.588651
116,10,0.05,vb_icl,9,0.933600245533811,0.803666611808283,16.0692497558193,0
116,10,0.05,vb_pred,11,1,1.24069017396201,1.57252438199494,112.544853
117,10,0.05,kmeans_sil,10,0.986334184081304,1.27522572407995,11.9289676583342,130.555207
117,10,0.05,vb_elbo,9,0.943544337779242,0.126068197571278,5.15985950867993,107.058598
117,10,0.05,vb_icl,9,0.943544337779242,0.126068197571278,5.15985950867993,0
117,10,0.05,vb_pred,11,0.997443862410079,1.42807698074172,14.2704907098774,85.155883
118,10,0.05,kmeans_sil,10,0.936064679199038,0.192088987496239,10.6219117997401,134.159809
118,10,0.05,vb_elbo,10,0.93859609648626,0.030437207277024,1.05279470147757,128.550009
118,10,0.05,vb_icl,10,0.93859609648626,0.030437207277024,1.05279470147757,0
118,10,0.05,vb_pred,12,0.93859609648626,0.030437207277024,1.05279470147757,181.240605
119,10,0.05,kmeans_sil,10,0.936922777463958,0.203384771613656,12.8025465476175,180.941279
119,10,0.05,vb_elbo,10,0.94524034559555,0.028543231167547,1.0768779026023,114.965997
119,10,0.05,vb_icl,10,0.94524034559555,0.028543231167547,1.0768779026023,0
119,10,0.05,vb_pred,12,0.940150754916702,0.028543231167547,1.0768779026023,78.58374
120,10,0.05,kmeans_sil,10,0.958034431142413,0.416659137620063,10.6859883313334,159.196504
120,10,0.05,vb_elbo,9,0.897238347281915,0.404495719724029,9.32795664021161,137.498439
120,10,0.05,vb_icl,9,0.897238347281915,0.404495719724029,9.32795664021161,0
120,10,0.05,vb_pred,12,1,1.04070960094459,0.9205342239648,135.622592
121,3,0.1,kmeans_sil,7,0.993562527756303,NaN,NaN,31.266058
121,3,0.1,vb_elbo,3,0.913762622965144,0.019960857968835,0.677373867942181,172.450577
121,3,0.1,vb_icl,3,0.913762622965144,0.019960857968835,0.677373867942181,0
121,3,0.1,vb_pred,9,0.997610418890603,3.28314212373579,0.677373867942181,130.273904
122,3,0.1,kmeans_sil,7,0.995100873580489,NaN,NaN,25.315861
122,3,0.1,vb_elbo,3,0.909383147590551,0.0249882848072539,0.759388723695384,116.063202
122,3,0.1,vb_icl,3,0.909383147590551,0.0249882848072539,0.759388723695384,0
122,3,0.1,vb_pred,11,0.989699728701828,3.20152955872734,40.2519984323364,125.616534
123,3,0.1,kmeans_sil,8,0.993007114043112,NaN,NaN,12.687572
123,3,0.1,vb_elbo,3,0.922045352048592,0.0394979319916128,1.0787083582759,103.164149
123,3,0.1,vb_icl,3,0.922045352048592,0.0394979319916128,1.0787083582759,0
123,3,0.1,vb_pred,4,0.950382168094018,2.17252535888349,1.0787083582759,114.711724
124,3,0.1,kmeans_sil,5,0.994889999572576,NaN,NaN,26.41293
124,3,0.1,vb_elbo,3,0.930385804538793,0.0281645399432856,0.888164360785474,117.687088
124,3,0.1,vb_icl,3,0.930385804538793,0.0281645399432856,0.888164360785474,0
124,3,0.1,vb_pred,5,0.998527121743828,2.7804548520944,32.9571912913474,133.257541
125,3,0.1,kmeans_sil,4,0.996159868810509,NaN,NaN,9.894467
125,3,0.1,vb_elbo,3,0.906475823702826,0.0390921178483606,2.15836581966026,57.830548
125,3,0.1,vb_icl,3,0.906475823702826,0.0390921178483606,2.15836581966026,0
125,3,0.1,vb_pred,10,0.932967859329374,2.52807096380847,2.15836581966026,87.076618
126,4,0.1,kmeans_sil,5,0.993303133020921,NaN,NaN,43.617849
126,4,0.1,vb_elbo,4,0.924304467682368,0.0236797911775902,0.968612843471762,146.545033
126,4,0.1,vb_icl,4,0.924304467682368,0.0236797911775902,0.968612843471762,0
126,4,0.1,vb_pred,8,1,3.50765487722727,25.6096152955924,141.662755
127,4,0.1,kmeans_sil,9,0.993242737221685,NaN,NaN,32.025844
127,4,0.1,vb_elbo,4,0.925804716605068,0.0610981441015757,2.33518829727898,142.911729
127,4,0.1,vb_icl,4,0.925804716605068,0.0610981441015757,2.33518829727898,0
127,4,0.1,vb_pred,10,0.997685797551873,2.71139939130665,37.2007992387333,95.871401
128,4,0.1,kmeans_sil,10,0.990933370695329,NaN,NaN,25.153528
128,4,0.1,vb_elbo,4,0.933906245333808,0.0350508550901569,1.16979315797035,126.57401
128,4,0.1,vb_icl,4,0.933906245333808,0.0350508550901569,1.16979315797035,0
128,4,0.1,vb_pred,9,0.997295581214299,2.76588428169484,31.3322001442158,82.990342
129,4,0.1,kmeans_sil,8,0.994667173247373,NaN,NaN,22.015299
129,4,0.1,vb_elbo,4,0.967891905987866,0.0424260730558356,1.58305733974266,130.591979
129,4,0.1,vb_icl,4,0.967891905987866,0.0424260730558356,1.58305733974266,0
129,4,0.1,vb_pred,12,0.99742368800185,3.06140916324815,1.58305733974265,124.637648
130,4,0.1,kmeans_sil,9,0.989833406218205,NaN,NaN,41.678305
130,4,0.1,vb_elbo,4,0.926837382974807,0.0353026007470919,0.912651222845497,114.03102
130,4,0.1,vb_icl,4,0.9646207289365,0.0353026007470919,0.912651222845497,0
130,4,0.1,vb_pred,9,0.998526629964052,2.55098426974329,40.0756012290582,135.493025
131,5,0.1,kmeans_sil,9,0.99063291931199,NaN,NaN,50.091923
131,5,0.1,vb_elbo,5,0.932692357032728,0.0325013968883181,0.925900727547481,124.460566
131,5,0.1,vb_icl,5,0.932692357032728,0.0325013968883181,0.925900727547481,0
131,5,0.1,vb_pred,12,1,2.35531509075884,20.745363527341,222.336125
132,5,0.1,kmeans_sil,9,0.990036439474658,NaN,NaN,47.458581
132,5,0.1,vb_elbo,5,0.934225226905702,0.0303075952443175,0.745051540866435,98.43302
132,5,0.1,vb_icl,5,0.937468465000571,0.0303075952443175,0.745051540866435,0
132,5,0.1,vb_pred,11,1,2.26894101723825,0.745051540866435,203.410847
133,5,0.1,kmeans_sil,10,0.988272927481522,NaN,NaN,36.426075
133,5,0.1,vb_elbo,5,0.934425443167042,0.0377788282599926,1.17280661846821,82.373471
133,5,0.1,vb_icl,5,0.934425443167042,0.0377788282599926,1.17280661846821,0
133,5,0.1,vb_pred,10,1,1.65805533708364,21.5857695798476,83.876812
134,5,0.1,kmeans_sil,10,0.988412354622816,NaN,NaN,22.352519
134,5,0.1,vb_elbo,5,0.926350607244477,0.0387472924259699,1.7032982051732,53.687185
134,5,0.1,vb_icl,5,0.926350607244477,0.0387472924259699,1.7032982051732,0
134,5,0.1,vb_pred,12,0.99824932092649,2.41422148810591,22.0060202042985,67.291568
135,5,0.1,kmeans_sil,10,0.990713149383001,NaN,NaN,36.996945
135,5,0.1,vb_elbo,5,0.926662988409812,0.030579517786048,1.41973843420336,118.39749
135,5,0.1,vb_icl,5,0.926662988409812,0.030579517786048,1.41973843420336,0
135,5,0.1,vb_pred,9,1,1.76673275367704,21.3064189993785,143.779904
136,6,0.1,kmeans_sil,10,0.99097584109118,NaN,NaN,70.155087
136,6,0.1,vb_elbo,6,0.940145343631404,0.0327746731278069,1.07313207383476,197.599655
136,6,0.1,vb_icl,6,0.949597746666544,0.0327746731278069,1.07313207383476,0
136,6,0.1,vb_pred,11,0.996135840144331,3.23642338215786,20.0509804243815,308.142635
137,6,0.1,kmeans_sil,10,0.989981024312533,NaN,NaN,73.706645
137,6,0.1,vb_elbo,6,0.955793702085301,0.0270396983151397,1.08186440673185,116.001567
137,6,0.1,vb_icl,6,0.955793702085301,0.0270396983151397,1.08186440673185,0
137,6,0.1,vb_pred,11,1,1.48726371794097,1.08186440673185,126.151199
138,6,0.1,kmeans_sil,10,0.989645206806081,NaN,NaN,62.858344
138,6,0.1,vb_elbo,6,0.937279770080629,0.0274977138972065,0.855192619630439,169.246458
138,6,0.1,vb_icl,6,0.937279770080629,0.0274977138972065,0.855192619630439,0
138,6,0.1,vb_pred,12,1,1.53797213519405,16.9955000200949,195.293924
139,6,0.1,kmeans_sil,10,0.990464527475968,NaN,NaN,69.630369
139,6,0.1,vb_elbo,6,0.949232702403836,0.0282592754044262,0.81736614043077,132.68317
139,6,0.1,vb_icl,6,0.949232702403836,0.0282592754044262,0.81736614043077,0
139,6,0.1,vb_pred,9,0.932545003976913,0.0282592754044262,0.81736614043077,71.622645
140,6,0.1,kmeans_sil,10,0.990041623011671,NaN,NaN,83.799488
140,6,0.1,vb_elbo,6,0.960693757874668,0.0261979130838888,0.93076630220971,139.003863
140,6,0.1,vb_icl,6,0.960693757874668,0.0261979130838888,0.93076630220971,0
140,6,0.1,vb_pred,11,1,2.76565056215568,16.8531663377319,341.925157
141,7,0.1,kmeans_sil,10,0.98744552516223,NaN,NaN,71.787441
141,7,0.1,vb_elbo,7,0.941275275434135,0.0331609546652938,1.33698705858445,111.788704
141,7,0.1,vb_icl,7,0.941275275434135,0.0331609546652938,1.33698705858445,0
141,7,0.1,vb_pred,10,1,3.26424562713073,15.5856850006878,92.18965
142,7,0.1,kmeans_sil,10,0.988819405197898,NaN,NaN,61.374565
142,7,0.1,vb_elbo,7,0.945111796098272,0.0329329988043845,1.44477615227297,64.937838
142,7,0.1,vb_icl,7,0.945111796098272,0.0329329988043845,1.44477615227297,0
142,7,0.1,vb_pred,12,1,1.37223404363375,1.44477615227297,77.481488
143,7,0.1,kmeans_sil,10,0.990580341879718,NaN,NaN,118.592276
143,7,0.1,vb_elbo,7,0.938315186975264,0.0288070090021798,0.858608758826175,185.307483
143,7,0.1,vb_icl,7,0.938315186975264,0.0288070090021798,0.858608758826175,0
143,7,0.1,vb_pred,10,0.997295168398723,2.05130387937762,0.858608758826176,232.017381
144,7,0.1,kmeans_sil,10,0.990169491701498,NaN,NaN,33.334316
144,7,0.1,vb_elbo,7,0.958147315847203,0.0407984062636502,1.91304016911976,68.962412
144,7,0.1,vb_icl,7,0.931144627794834,0.0407984062636502,1.91304016911976,0
144,7,0.1,vb_pred,10,0.958793149493628,0.0407984062636502,1.91304016911976,76.051263
145,7,0.1,kmeans_sil,10,0.990391269231322,NaN,NaN,97.167448
145,7,0.1,vb_elbo,6,0.863597425266622,0.441848121836696,14.876951458152,153.919339
145,7,0.1,vb_icl,6,0.863597425266622,0.441848121836696,14.876951458152,0
145,7,0.1,vb_pred,10,1,1.56668298866849,14.9324026177775,313.332299
146,8,0.1,kmeans_sil,10,0.989620161601623,NaN,NaN,112.773656
146,8,0.1,vb_elbo,7,0.946793948890269,0.099352913071831,4.73179374308858,152.475608
146,8,0.1,vb_icl,7,0.946793948890269,0.099352913071831,4.73179374308858,0
146,8,0.1,vb_pred,10,1,2.42677251237353,13.4348775743834,154.704778
147,8,0.1,kmeans_sil,10,0.986972852243831,NaN,NaN,83.237339
147,8,0.1,vb_elbo,8,0.935217578014846,0.033899903442712,1.13097544403995,115.435064
147,8,0.1,vb_icl,8,0.935217578014846,0.033899903442712,1.13097544403995,0
147,8,0.1,vb_pred,11,1,1.24308341384331,13.1733056274257,93.803266
148,8,0.1,kmeans_sil,10,0.991535205374695,NaN,NaN,67.459845
148,8,0.1,vb_elbo,8,0.966014921055998,0.0303127432352235,1.28338910748509,57.721017
148,8,0.1,vb_icl,8,0.966014921055998,0.0303127432352235,1.28338910748509,0
148,8,0.1,vb_pred,10,1,1.29165373845052,13.33744308731,73.009671
149,8,0.1,kmeans_sil,10,0.988647113046121,NaN,NaN,89.90409
149,8,0.1,vb_elbo,7,0.790896287585113,0.888252579762773,24.9638512852426,96.817181
149,8,0.1,vb_icl,7,0.790896287585113,0.888252579762773,24.9638512852426,0
149,8,0.1,vb_pred,10,1,1.43054905742052,1.07686880246721,73.209877
150,8,0.1,kmeans_sil,10,0.987656922130478,NaN,NaN,101.662265
150,8,0.1,vb_elbo,8,0.941558178725756,0.0302323286808209,1.07930247843313,97.695174
150,8,0.1,vb_icl,8,0.960688745579591,0.0302323286808209,1.07930247843313,0
150,8,0.1,vb_pred,11,1,1.44242317137395,13.068258669753,121.209114
151,9,0.1,kmeans_sil,10,0.992539574731369,NaN,NaN,101.155678
151,9,0.1,vb_elbo,8,0.932633079642126,0.275015520158758,9.89533878926647,130.688579
151,9,0.1,vb_icl,8,0.932633079642126,0.275015520158758,9.89533878926647,0
151,9,0.1,vb_pred,12,1,3.22959833485438,12.5896583240421,122.886426
152,9,0.1,kmeans_sil,10,0.995919131272545,NaN,NaN,139.71591
152,9,0.1,vb_elbo,9,0.942389401051211,0.0296057813389974,1.04875359440623,140.503983
152,9,0.1,vb_icl,9,0.942389401051211,0.0296057813389974,1.04875359440623,0
152,9,0.1,vb_pred,12,1,1.39365721673859,1.04875359440624,154.862313
153,9,0.1,kmeans_sil,10,0.988986512891063,NaN,NaN,139.817705
153,9,0.1,vb_elbo,9,0.952372297523851,0.0347651317431361,1.23303714506199,183.229661
153,9,0.1,vb_icl,9,0.945462369718504,0.0347651317431361,1.23303714506199,0
153,9,0.1,vb_pred,12,0.955065286229095,0.0347651317431362,1.23303714506199,180.252724
154,9,0.1,kmeans_sil,10,0.98865194658544,NaN,NaN,110.838845
154,9,0.1,vb_elbo,8,0.935072716708691,0.727748571223703,12.4006502356848,93.955365
154,9,0.1,vb_icl,8,0.935072716708691,0.727748571223703,12.4006502356848,0
154,9,0.1,vb_pred,12,1,1.20162375914757,11.5038024853092,175.64516
155,9,0.1,kmeans_sil,10,0.99062539853878,NaN,NaN,120.354735
155,9,0.1,vb_elbo,8,0.944333144908514,0.0313351373253697,0.96590981590429,121.729668
155,9,0.1,vb_icl,8,0.944333144908514,0.0313351373253697,0.96590981590429,0
155,9,0.1,vb_pred,11,1,1.63710081177285,11.6321783623928,99.693764
156,10,0.1,kmeans_sil,10,0.994515202128142,1.319899581162,11.0179419786745,148.323371
156,10,0.1,vb_elbo,6,0.744193542610875,1.03258711089085,45.5800793667432,143.168406
156,10,0.1,vb_icl,6,0.744193542610875,1.03258711089085,45.5800793667432,0
156,10,0.1,vb_pred,10,0.940987479666214,1.43909822429109,20.8735293784086,123.367243
157,10,0.1,kmeans_sil,10,0.989184959881918,2.67259484517079,12.2479146004219,125.684448
157,10,0.1,vb_elbo,8,0.919012171698023,0.633330982452409,13.3318793505703,107.208146
157,10,0.1,vb_icl,8,0.919012171698023,0.633330982452409,13.3318793505703,0
157,10,0.1,vb_pred,12,0.998522038905505,1.30813291760899,10.8098091307643,163.879073
158,10,0.1,kmeans_sil,10,0.955307804783359,0.473183924039277,15.6981828127309,114.976607
158,10,0.1,vb_elbo,7,0.831355413874333,1.26997512943337,55.3035533580863,57.033283
158,10,0.1,vb_icl,7,0.831355413874333,1.26997512943337,55.3035533580863,0
158,10,0.1,vb_pred,12,1,1.27937004439794,1.35599684382576,73.426482
159,10,0.1,kmeans_sil,10,0.964147840439099,0.458334601528175,12.7744433842948,129.44416
159,10,0.1,vb_elbo,8,0.8678580934978,1.19662523362708,37.5725387738222,104.225179
159,10,0.1,vb_icl,8,0.8678580934978,1.19662523362708,37.5725387738222,0
159,10,0.1,vb_pred,12,1,1.09612349010366,1.28103992104558,76.220851
160,10,0.1,kmeans_sil,10,0.98833924989892,2.5756779509951,11.2675117996874,142.626928
160,10,0.1,vb_elbo,9,0.938705913132644,0.031256303554017,1.11206264690547,111.007446
160,10,0.1,vb_icl,9,0.938705913132644,0.031256303554017,1.11206264690547,0
160,10,0.1,vb_pred,12,1,1.41224416351663,10.5411024976408,181.213059
161,3,0.15,kmeans_sil,8,0.99198504727257,NaN,NaN,19.295336
161,3,0.15,vb_elbo,3,0.909410966645966,0.029095950974507,0.993166827455068,127.67603
161,3,0.15,vb_icl,3,0.939165298844156,0.029095950974507,0.993166827455068,0
161,3,0.15,vb_pred,9,0.926733356814779,1.84574921301779,1.56129491481583,148.825971
162,3,0.15,kmeans_sil,5,0.994545378204562,NaN,NaN,37.196523
162,3,0.15,vb_elbo,3,0.919573146435462,0.0212595497467336,0.638778249038133,100.525955
162,3,0.15,vb_icl,3,0.919573146435462,0.0212595497467336,0.638778249038133,0
162,3,0.15,vb_pred,5,1,2.12023969278067,0.638778249038136,94.520149
163,3,0.15,kmeans_sil,7,0.992365481291012,NaN,NaN,23.92317
163,3,0.15,vb_elbo,3,0.937198705533822,0.027819564097781,0.727366068761271,172.881769
163,3,0.15,vb_icl,3,0.937198705533822,0.027819564097781,0.727366068761271,0
163,3,0.15,vb_pred,6,0.99839241976986,2.80591920676332,33.5480391253473,124.59228
164,3,0.15,kmeans_sil,7,0.994085545388719,NaN,NaN,24.602325
164,3,0.15,vb_elbo,3,0.920459664972768,0.0307155620774731,0.898675375271582,127.399042
164,3,0.15,vb_icl,3,0.920459664972768,0.0307155620774731,0.898675375271582,0
164,3,0.15,vb_pred,10,0.940880639339034,2.73604837045077,0.904166642940153,117.241218
165,3,0.15,kmeans_sil,7,0.993802698801987,NaN,NaN,15.65652
165,3,0.15,vb_elbo,3,0.895689187086478,0.0438354975266166,1.52688107601882,88.988513
165,3,0.15,vb_icl,3,0.895689187086478,0.0438354975266166,1.52688107601882,0
165,3,0.15,vb_pred,10,0.952376003522986,3.13285172119268,46.2768381562672,99.007013
166,4,0.15,kmeans_sil,10,0.992555337032165,NaN,NaN,26.039493
166,4,0.15,vb_elbo,4,0.913163187155722,0.0293408293922991,1.31666291629312,161.55092
166,4,0.15,vb_icl,4,0.913163187155722,0.0293408293922991,1.31666291629312,0
166,4,0.15,vb_pred,10,1,1.72360467987426,1.31666291629312,97.346685
167,4,0.15,kmeans_sil,9,0.993373866670939,NaN,NaN,32.653171
167,4,0.15,vb_elbo,4,0.912706226157592,0.0348728738647526,1.13503888389351,116.513936
167,4,0.15,vb_icl,4,0.912706226157592,0.0348728738647526,1.13503888389351,0
167,4,0.15,vb_pred,7,0.998525717480368,3.64421272603584,26.4514575906218,84.355454
168,4,0.15,kmeans_sil,7,0.994176034203314,NaN,NaN,12.894737
168,4,0.15,vb_elbo,4,0.926761643429304,0.0387291810216065,1.72893619090707,61.339829
168,4,0.15,vb_icl,4,0.926761643429304,0.0387291810216065,1.72893619090707,0
168,4,0.15,vb_pred,11,0.960631925502979,3.28371526599489,32.6227266876276,103.232989
169,4,0.15,kmeans_sil,6,0.991734841717863,NaN,NaN,53.721406
169,4,0.15,vb_elbo,4,0.92575285991394,0.0230617274418999,0.804166248723257,187.033402
169,4,0.15,vb_icl,4,0.931306216589096,0.0230617274419003,0.804166248723255,0
169,4,0.15,vb_pred,11,0.998571083507528,2.53328076186814,25.1357129974252,113.131773
170,4,0.15,kmeans_sil,9,0.994401358481322,NaN,NaN,29.455183
170,4,0.15,vb_elbo,4,0.916346265870116,0.0380762284688467,1.64081619706292,111.233263
170,4,0.15,vb_icl,4,0.916346265870116,0.0380762284688467,1.64081619706292,0
170,4,0.15,vb_pred,8,1,2.06416231883861,1.64081619706292,160.402223
171,5,0.15,kmeans_sil,7,0.995025135120898,NaN,NaN,23.114478
171,5,0.15,vb_elbo,5,0.925360449317031,0.0480766421929729,2.46663566806014,83.984669
171,5,0.15,vb_icl,5,0.925360449317031,0.0480766421929729,2.46663566806014,0
171,5,0.15,vb_pred,11,0.981274491812776,1.92870675738411,2.46663566806014,159.124048
172,5,0.15,kmeans_sil,10,0.990175404271522,NaN,NaN,43.927732
172,5,0.15,vb_elbo,5,0.948004365686282,0.038421096422712,1.31051324290867,127.904948
172,5,0.15,vb_icl,5,0.948004365686282,0.038421096422712,1.31051324290867,0
172,5,0.15,vb_pred,10,1,1.75105655761241,1.31051324290867,107.935109
173,5,0.15,kmeans_sil,10,0.992806920194777,NaN,NaN,41.593246
173,5,0.15,vb_elbo,5,0.928944880334641,0.0264153334896087,1.05634690651603,93.769284
173,5,0.15,vb_icl,5,0.928944880334641,0.0264153334896088,1.05634690651603,0
173,5,0.15,vb_pred,8,0.950110029732043,0.0264153334896086,1.05634690651603,70.803723
174,5,0.15,kmeans_sil,10,0.99187898866336,NaN,NaN,39.762628
174,5,0.15,vb_elbo,5,0.930620943002645,0.0314338936561683,1.1408419705927,119.809762
174,5,0.15,vb_icl,5,0.930620943002645,0.0314338936561683,1.1408419705927,0
174,5,0.15,vb_pred,11,1,1.67132066722528,1.1408419705927,203.715633
175,5,0.15,kmeans_sil,9,0.992028894169157,NaN,NaN,46.272838
175,5,0.15,vb_elbo,5,0.93850273209808,0.0298007878450986,0.989629969040983,82.666001
175,5,0.15,vb_icl,5,0.929346736893247,0.0298007878450986,0.989629969040983,0
175,5,0.15,vb_pred,12,0.99831845278121,2.03997584457181,0.98962996904098,88.942884
176,6,0.15,kmeans_sil,10,0.990135210988338,NaN,NaN,66.895736
176,6,0.15,vb_elbo,6,0.94486905089163,0.0273514515143414,0.909151457470532,132.653513
176,6,0.15,vb_icl,6,0.94486905089163,0.0273514515143414,0.909151457470532,0
176,6,0.15,vb_pred,10,0.995635440276413,1.99703689415879,0.909151457470531,232.250621
177,6,0.15,kmeans_sil,10,0.98849364509109,NaN,NaN,42.985837
177,6,0.15,vb_elbo,6,0.933956165795204,0.0349008457516184,1.3160886180152,97.505487
177,6,0.15,vb_icl,6,0.943643085830448,0.0349008457516184,1.3160886180152,0
177,6,0.15,vb_pred,12,1,1.546952526546,1.3160886180152,93.870804
178,6,0.15,kmeans_sil,10,0.992029653779835,NaN,NaN,47.899113
178,6,0.15,vb_elbo,6,0.953106939489116,0.0313860142833257,1.1951516601944,107.700032
178,6,0.15,vb_icl,6,0.953106939489116,0.0313860142833257,1.1951516601944,0
178,6,0.15,vb_pred,10,0.951947925474191,0.0313860142833257,1.1951516601944,140.223748
179,6,0.15,kmeans_sil,9,0.989645005274387,NaN,NaN,55.971139
179,6,0.15,vb_elbo,6,0.936358009088364,0.0291079202596968,0.959773319696094,96.242468
179,6,0.15,vb_icl,6,0.936358009088364,0.0291079202596968,0.959773319696094,0
179,6,0.15,vb_pred,10,1,1.40210827896005,0.959773319696081,77.735722
180,6,0.15,kmeans_sil,10,0.990979839380936,NaN,NaN,57.20524
180,6,0.15,vb_elbo,6,0.938059745973736,0.0402009422086069,1.24070313158978,123.767082
180,6,0.15,vb_icl,6,0.938059745973736,0.0402009422086069,1.24070313158978,0
180,6,0.15,vb_pred,10,1,1.7164320539735,17.0036985486379,158.778657
181,7,0.15,kmeans_sil,10,0.988921656652722,NaN,NaN,82.242324
181,7,0.15,vb_elbo,7,0.948323462795703,0.0298642625976028,1.04500643464218,108.710395
181,7,0.15,vb_icl,7,0.948323462795703,0.0298642625976028,1.04500643464218,0
181,7,0.15,vb_pred,12,1,1.29305980470661,1.04500643464218,215.183211
182,7,0.15,kmeans_sil,10,0.991263794639698,NaN,NaN,72.028306
182,7,0.15,vb_elbo,5,0.802351293795833,1.33616653030502,55.9890876418052,129.05542
182,7,0.15,vb_icl,5,0.802351293795833,1.33616653030502,55.9890876418052,0
182,7,0.15,vb_pred,12,1,1.36916745786135,14.0919173211918,342.625794
183,7,0.15,kmeans_sil,10,0.98747789091368,NaN,NaN,75.0191
183,7,0.15,vb_elbo,7,0.937697984428629,0.0292029960447265,0.965735741278169,94.244084
183,7,0.15,vb_icl,7,0.937697984428629,0.0292029960447265,0.965735741278169,0
183,7,0.15,vb_pred,12,1,1.30924508997703,0.96573574127817,72.994258
184,7,0.15,kmeans_sil,10,0.98860768164585,NaN,NaN,73.360557
184,7,0.15,vb_elbo,6,0.891384683271482,0.864542086722025,34.6686472980095,94.980672
184,7,0.15,vb_icl,6,0.891384683271482,0.864542086722025,34.6686472980095,0
184,7,0.15,vb_pred,10,1,1.47248760535359,1.24862157184455,117.343522
185,7,0.15,kmeans_sil,9,0.992202615856253,NaN,NaN,118.909282
185,7,0.15,vb_elbo,7,0.942068561214665,0.0270888179986574,0.926284743891097,187.434584
185,7,0.15,vb_icl,7,0.942068561214665,0.0270888179986574,0.926284743891097,0
185,7,0.15,vb_pred,12,1,1.92058803459473,0.926284743891098,180.767694
186,8,0.15,kmeans_sil,10,0.989179465038982,NaN,NaN,84.262394
186,8,0.15,vb_elbo,8,0.934682765179188,0.0329798865551263,1.13378933063505,111.962828
186,8,0.15,vb_icl,8,0.944596317415119,0.0329798865551263,1.13378933063505,0
186,8,0.15,vb_pred,12,1,1.33782069849647,1.13378933063505,111.266343
187,8,0.15,kmeans_sil,10,0.991484304330036,NaN,NaN,131.866841
187,8,0.15,vb_elbo,8,0.949986702551647,0.0268096249948351,1.11714532432487,123.743835
187,8,0.15,vb_icl,8,0.949986702551647,0.0268096249948351,1.11714532432487,0
187,8,0.15,vb_pred,10,1,4.20216991342032,13.6977067250424,184.129458
188,8,0.15,kmeans_sil,10,0.989488106927695,NaN,NaN,141.334039
188,8,0.15,vb_elbo,7,0.844069796976099,0.686185526101687,19.5929065401063,167.027753
188,8,0.15,vb_icl,7,0.844069796976099,0.686185526101687,19.5929065401063,0
188,8,0.15,vb_pred,12,0.997049131169665,1.67856594138801,0.957663889370877,150.27423
189,8,0.15,kmeans_sil,10,0.990691860958388,NaN,NaN,70.056175
189,8,0.15,vb_elbo,8,0.941976894462698,0.0388948880880244,1.53416025020917,131.932045
189,8,0.15,vb_icl,8,0.941976894462698,0.0388948880880244,1.53416025020917,0
189,8,0.15,vb_pred,12,1,1.39450262617161,1.53416025020917,176.442147
190,8,0.15,kmeans_sil,10,0.988449740561881,NaN,NaN,114.124697
190,8,0.15,vb_elbo,8,0.9475412302591,0.0266509093598894,1.03095830598366,129.06318
190,8,0.15,vb_icl,8,0.9475412302591,0.0266509093598894,1.03095830598366,0
190,8,0.15,vb_pred,10,1,2.79338192011588,12.9873322937183,138.26909
191,9,0.15,kmeans_sil,10,0.991487456202548,NaN,NaN,100.450384
191,9,0.15,vb_elbo,8,0.924789685568772,0.674308301645676,13.0329191833279,110.453749
191,9,0.15,vb_icl,8,0.924789685568772,0.674308301645676,13.0329191833279,0
191,9,0.15,vb_pred,11,0.839543986649632,0.861847763335318,28.1582499954354,117.950476
192,9,0.15,kmeans_sil,10,0.991145757100362,NaN,NaN,163.47585
192,9,0.15,vb_elbo,9,0.941546433336682,0.0288811683372603,1.00592103607112,209.340293
192,9,0.15,vb_icl,9,0.947950848595387,0.0288811683372603,1.00592103607112,0
192,9,0.15,vb_pred,12,0.940528706799529,0.0288811683372603,1.00592103607112,205.889161
193,9,0.15,kmeans_sil,10,0.989875982582345,NaN,NaN,86.050366
193,9,0.15,vb_elbo,9,0.95721715435552,0.0433245905274809,1.62882211832718,143.048366
193,9,0.15,vb_icl,9,0.95721715435552,0.0433245905274809,1.62882211832718,0
193,9,0.15,vb_pred,10,0.91081111468373,0.310963195507062,12.4201050165228,102.603539
194,9,0.15,kmeans_sil,10,0.990664318749831,NaN,NaN,114.582473
194,9,0.15,vb_elbo,8,0.943289478615546,0.028832920960893,1.01308469751123,122.190091
194,9,0.15,vb_icl,8,0.937954633942403,0.028832920960893,1.01308469751123,0
194,9,0.15,vb_pred,10,1,1.13736991439472,11.4736982627798,139.615198
195,9,0.15,kmeans_sil,10,0.99071023942264,NaN,NaN,101.397356
195,9,0.15,vb_elbo,9,0.983249295180918,0.200886423477002,6.03774696386027,104.766769
195,9,0.15,vb_icl,9,0.98336167187899,0.199489595886541,5.87663229056848,0
195,9,0.15,vb_pred,11,0.935398489102172,0.137803471260691,6.34212610350935,101.421529
196,10,0.15,kmeans_sil,10,0.941613075277844,0.26170736939404,12.9122229250742,132.502833
196,10,0.15,vb_elbo,9,0.88606365511191,0.42369271453043,11.5712907220913,80.169516
196,10,0.15,vb_icl,9,0.88606365511191,0.423692714530432,11.5712907220914,0
196,10,0.15,vb_pred,12,1,1.98060218238921,10.5207618439499,112.94503
197,10,0.15,kmeans_sil,10,0.952124271131727,0.389579285900889,16.1267021718629,192.49376
197,10,0.15,vb_elbo,8,0.861205996549824,0.576057970783332,22.7191428508975,180.671967
197,10,0.15,vb_icl,8,0.861205996549824,0.576057970783332,22.7191428508975,0
197,10,0.15,vb_pred,12,1,1.32602943515064,10.5118534395532,190.877281
198,10,0.15,kmeans_sil,10,0.941517806138587,0.239206864225285,13.6577643749597,98.107596
198,10,0.15,vb_elbo,8,0.850731625270177,1.29030026600159,48.6038474676763,89.293785
198,10,0.15,vb_icl,8,0.850731625270177,1.29030026600159,48.6038474676763,0
198,10,0.15,vb_pred,11,1,1.3200116369825,1.47491950894587,90.209163
199,10,0.15,kmeans_sil,10,0.943496344830082,3.30525055694277,25.63860229806,107.467364
199,10,0.15,vb_elbo,10,0.942966869401142,0.0339161748162641,1.20938528750492,116.43576
199,10,0.15,vb_icl,10,0.942966869401142,0.0339161748162641,1.20938528750492,0
199,10,0.15,vb_pred,12,1,1.18990775894906,1.20938528750492,113.10049
200,10,0.15,kmeans_sil,10,0.93955022844376,0.216585138625879,12.173108397164,106.926177
200,10,0.15,vb_elbo,10,0.93796916468194,0.0297410158621525,1.1393479952288,129.064001
200,10,0.15,vb_icl,10,0.934784665544772,0.0297410158621525,1.1393479952288,0
200,10,0.15,vb_pred,11,0.939707656798268,0.0297410158621525,1.1393479952288,113.743405
